0.070269,0.065923,0.062271,0.096115,0.089918,0.084591,0.12465,0.11647,0.10934,0.077366,0.07275,0.068827,0.10492,0.09838,0.092703,0.13495,0.12637,0.11883,0.083998,0.079166,0.075017,0.11302,0.1062,0.10024,0.1443,0.13542,0.12756,0.084134,0.078976,0.074572,0.11212,0.10501,0.098826,0.14232,0.13317,0.12512,0.090548,0.08521,0.080607,0.11996,0.11261,0.10617,0.15138,0.14196,0.13362,0.096421,0.090952,0.086198,0.12703,0.11952,0.11289,0.15948,0.14989,0.14134,0.099551,0.0935,0.088262,0.12937,0.12129,0.1142,0.16088,0.15073,0.14174,0.10509,0.098959,0.09361,0.13607,0.12788,0.12064,0.16859,0.15832,0.14916,0.11006,0.10389,0.098475,0.14202,0.13378,0.12645,0.17542,0.16509,0.15583
0.047706,0.045014,0.042819,0.065424,0.061464,0.058125,0.085338,0.079997,0.075398,0.053136,0.050251,0.047864,0.072242,0.068019,0.064418,0.093437,0.087776,0.082859,0.058343,0.055297,0.052745,0.078676,0.074237,0.070415,0.10099,0.095066,0.089884,0.057382,0.054138,0.051432,0.076811,0.07221,0.068271,0.09818,0.092134,0.086871,0.062486,0.059101,0.056247,0.083118,0.078323,0.074181,0.10558,0.099299,0.093792,0.06729,0.063797,0.060823,0.088972,0.084028,0.079725,0.11238,0.10592,0.10022,0.068205,0.064344,0.061066,0.089178,0.08389,0.079305,0.11179,0.10501,0.099061,0.072837,0.068897,0.065523,0.094837,0.08943,0.08471,0.11838,0.11146,0.10534,0.077122,0.073133,0.069691,0.10001,0.094527,0.08971,0.12436,0.11735,0.11111
0.028266,0.026664,0.025428,0.038959,0.036523,0.034535,0.051212,0.047856,0.045034,0.031856,0.030132,0.028775,0.043527,0.040912,0.03875,0.056733,0.05315,0.050106,0.035383,0.033555,0.032094,0.047946,0.045181,0.042869,0.062013,0.05824,0.055005,0.034162,0.032204,0.030641,0.046048,0.043188,0.040808,0.059394,0.055562,0.052295,0.037645,0.035595,0.033938,0.050414,0.047417,0.044898,0.06461,0.060602,0.057156,0.041009,0.038888,0.037153,0.054574,0.051468,0.048833,0.069529,0.065381,0.061788,0.0408,0.038442,0.03651,0.053817,0.0505,0.047694,0.068161,0.06383,0.060094,0.044082,0.04167,0.039674,0.057885,0.054476,0.05157,0.072979,0.068526,0.06466,0.047205,0.044757,0.042714,0.061706,0.058233,0.055251,0.077468,0.072927,0.068961
0.017538,0.015878,0.014585,0.024906,0.022473,0.020489,0.033565,0.030291,0.027552,0.020014,0.018231,0.016821,0.028173,0.025563,0.023412,0.037645,0.034147,0.031194,0.022484,0.020595,0.019083,0.031388,0.028627,0.026329,0.041619,0.03793,0.03479,0.021411,0.019423,0.017832,0.029743,0.026923,0.024585,0.039337,0.035629,0.03249,0.023851,0.021768,0.020085,0.032924,0.029965,0.027491,0.043273,0.039385,0.036069,0.026243,0.024085,0.022326,0.036007,0.032932,0.030344,0.047052,0.043016,0.039551,0.025822,0.023469,0.021547,0.035104,0.03187,0.029153,0.045596,0.041436,0.037877,0.028154,0.025742,0.023757,0.038123,0.03479,0.031971,0.049307,0.045015,0.04132,0.030407,0.027954,0.025921,0.041006,0.037599,0.034701,0.052825,0.04843,0.044627
0.020942,0.017997,0.015569,0.030466,0.026388,0.022953,0.041672,0.036385,0.031867,0.024229,0.021043,0.018392,0.034899,0.030502,0.026769,0.047282,0.041608,0.036726,0.027543,0.024144,0.021292,0.039323,0.034644,0.030643,0.052833,0.046817,0.041608,0.025665,0.022229,0.019359,0.036493,0.031848,0.027897,0.04898,0.043065,0.037971,0.028925,0.025291,0.022233,0.040855,0.035944,0.031739,0.054462,0.048222,0.042815,0.032163,0.02836,0.025138,0.045148,0.040008,0.03558,0.05982,0.053298,0.047616,0.031043,0.027075,0.023723,0.043167,0.037926,0.03343,0.056897,0.050337,0.044647,0.034175,0.030061,0.026564,0.047347,0.0419,0.037201,0.062134,0.055316,0.049371,0.037248,0.033015,0.029396,0.051413,0.045795,0.040921,0.067198,0.060162,0.053998
0.035337,0.030392,0.026211,0.05106,0.044319,0.038543,0.069198,0.060572,0.05311,0.041307,0.035946,0.031378,0.058996,0.051711,0.045426,0.079079,0.0698,0.061723,0.047414,0.04168,0.036758,0.067025,0.059252,0.052502,0.088985,0.079123,0.070486,0.042296,0.036663,0.031857,0.059965,0.052434,0.045935,0.080004,0.070507,0.062239,0.048134,0.042164,0.037036,0.067703,0.059722,0.052789,0.089607,0.079562,0.070766,0.054072,0.047802,0.042381,0.075484,0.067101,0.059777,0.099178,0.088646,0.079375,0.050106,0.043731,0.038248,0.069668,0.061315,0.054057,0.091519,0.081137,0.072046,0.055604,0.048984,0.043257,0.076977,0.068279,0.060678,0.1006,0.089786,0.080267,0.06119,0.054354,0.048407,0.084314,0.07531,0.0674,0.10963,0.098439,0.088536
0.044678,0.038805,0.03381,0.067334,0.058944,0.051718,0.093841,0.082752,0.073119,0.051477,0.045319,0.040042,0.0769,0.06805,0.060376,0.10623,0.094518,0.08428,0.058668,0.052247,0.046707,0.086823,0.077556,0.069466,0.1189,0.10663,0.095838,0.05174,0.045141,0.039482,0.076453,0.067266,0.059302,0.10506,0.093116,0.082681,0.057495,0.050779,0.044982,0.084708,0.075263,0.067023,0.1159,0.10356,0.092717,0.063842,0.056998,0.051054,0.093568,0.083865,0.07535,0.12732,0.1146,0.10336,0.06054,0.053055,0.046587,0.087303,0.077175,0.068341,0.1179,0.10499,0.093636,0.064857,0.057444,0.051004,0.093796,0.083632,0.074717,0.12669,0.11363,0.10209,0.069969,0.062587,0.056139,0.10115,0.090914,0.081886,0.13637,0.12313,0.11137
0.039412,0.033899,0.029212,0.06379,0.055567,0.048485,0.094562,0.083208,0.073342,0.03948,0.034432,0.030124,0.064438,0.056732,0.050061,0.096197,0.085378,0.075923,0.040572,0.035896,0.031893,0.066319,0.059026,0.052681,0.09922,0.088827,0.079695,0.050597,0.043762,0.037896,0.078103,0.068404,0.059991,0.11183,0.098901,0.0876,0.048391,0.042276,0.037009,0.075836,0.066961,0.059226,0.1099,0.097865,0.087287,0.047448,0.041929,0.037161,0.075071,0.06688,0.059709,0.10966,0.098365,0.088389,0.065297,0.056881,0.049597,0.09626,0.084824,0.07484,0.13316,0.1184,0.10543,0.060637,0.053193,0.046728,0.091019,0.080696,0.071644,0.12777,0.11422,0.10225,0.057324,0.050711,0.044952,0.087318,0.077953,0.06971,0.12405,0.11155,0.10046
0.047873,0.040955,0.035047,0.077283,0.067156,0.058418,0.11462,0.10077,0.088733,0.042757,0.036784,0.031667,0.070359,0.061452,0.05373,0.10614,0.093763,0.08294,0.038613,0.033451,0.029019,0.064418,0.056586,0.049771,0.098459,0.087409,0.077707,0.066157,0.057218,0.049516,0.10074,0.088298,0.077484,0.14292,0.12655,0.11222,0.058535,0.050819,0.044146,0.090928,0.080002,0.070465,0.13128,0.11668,0.10384,0.051898,0.045259,0.039502,0.081965,0.072416,0.064049,0.12014,0.10719,0.095763,0.088706,0.077486,0.067745,0.12846,0.11348,0.10038,0.17527,0.1562,0.13943,0.078558,0.068823,0.060337,0.11592,0.10273,0.091139,0.16083,0.1438,0.12874,0.069266,0.060869,0.05353,0.10394,0.092402,0.082232,0.14643,0.13134,0.11794
0.067503,0.058116,0.050071,0.10645,0.092964,0.081312,0.15472,0.13658,0.1208,0.05978,0.051616,0.044583,0.096167,0.084264,0.073919,0.14226,0.12602,0.11182,0.052851,0.045755,0.039621,0.086414,0.075944,0.066802,0.12974,0.11529,0.10258,0.09307,0.081029,0.070631,0.13853,0.12204,0.1077,0.1926,0.17123,0.15254,0.082663,0.072156,0.063035,0.1254,0.1108,0.098038,0.17731,0.15814,0.14127,0.072933,0.063802,0.055843,0.11247,0.099636,0.08836,0.16143,0.14437,0.12929,0.12353,0.10858,0.095575,0.17513,0.15546,0.13825,0.23443,0.20974,0.18803,0.11052,0.097386,0.085906,0.15944,0.14193,0.12653,0.21677,0.19451,0.17484,0.097954,0.086484,0.07642,0.14353,0.12807,0.11441,0.19794,0.17806,0.16041
0.092343,0.080023,0.069452,0.14258,0.12512,0.11004,0.20336,0.18019,0.16005,0.082478,0.071667,0.062332,0.12984,0.11431,0.1008,0.18841,0.16752,0.14924,0.073386,0.063898,0.055663,0.11743,0.10365,0.091605,0.17294,0.1542,0.13772,0.12579,0.11014,0.096626,0.18355,0.1624,0.14402,0.25067,0.22361,0.19996,0.11296,0.099179,0.0872,0.16786,0.14898,0.13246,0.23298,0.20851,0.18699,0.10069,0.088589,0.078017,0.15203,0.13527,0.12053,0.21409,0.19212,0.1727,0.16469,0.14547,0.12876,0.22925,0.20427,0.18244,0.30175,0.27079,0.24359,0.1491,0.13206,0.11716,0.21102,0.1886,0.16888,0.28191,0.25377,0.22889,0.13374,0.11871,0.1055,0.19214,0.17214,0.15446,0.2602,0.23483,0.2123
0.12246,0.10671,0.093198,0.18539,0.16335,0.14432,0.25979,0.23089,0.20581,0.11028,0.096394,0.084393,0.17013,0.15043,0.1333,0.24244,0.21626,0.19337,0.099001,0.086735,0.076072,0.15518,0.13759,0.12221,0.22437,0.20075,0.17998,0.16471,0.1449,0.12779,0.23594,0.20947,0.18649,0.31682,0.28338,0.25419,0.14924,0.1317,0.11644,0.21757,0.19382,0.17306,0.29676,0.26636,0.23965,0.13436,0.11885,0.10529,0.19892,0.1777,0.15904,0.27518,0.24771,0.22343,0.21282,0.18871,0.16777,0.29115,0.26021,0.23318,0.37721,0.33931,0.30604,0.1944,0.17292,0.15414,0.27026,0.24233,0.21778,0.35517,0.32053,0.28995,0.17615,0.15708,0.1403,0.24846,0.22338,0.20122,0.33085,0.29942,0.27151
0.16085,0.1408,0.12362,0.23878,0.21107,0.1872,0.32873,0.29287,0.2618,0.14552,0.12783,0.11256,0.22006,0.19527,0.17375,0.30802,0.2755,0.2471,0.13139,0.11573,0.10212,0.20181,0.17965,0.16027,0.28659,0.25717,0.23132,0.2138,0.18878,0.16721,0.30054,0.26757,0.23898,0.39677,0.35563,0.31979,0.19479,0.17261,0.15333,0.27856,0.24892,0.22303,0.37341,0.33594,0.30306,0.17653,0.15687,0.13968,0.25629,0.22973,0.20638,0.34835,0.31438,0.28439,0.2727,0.24256,0.21642,0.36654,0.32835,0.29505,0.46733,0.42115,0.38068,0.25056,0.22365,0.20014,0.34207,0.30752,0.27719,0.44221,0.3999,0.36259,0.22864,0.20467,0.18359,0.31657,0.28545,0.25797,0.41452,0.376,0.34182
0.19858,0.17437,0.15367,0.29003,0.25695,0.2285,0.39352,0.35117,0.31454,0.17989,0.15859,0.1402,0.26761,0.23807,0.21244,0.36914,0.33077,0.29732,0.16281,0.14397,0.1276,0.24597,0.21957,0.19649,0.3442,0.3095,0.27905,0.26151,0.2315,0.20566,0.36188,0.32278,0.28894,0.47109,0.42285,0.38088,0.23882,0.21224,0.18917,0.3361,0.30098,0.27034,0.44416,0.40023,0.36174,0.21715,0.1936,0.17301,0.31019,0.2787,0.25105,0.41554,0.3757,0.34055,0.33011,0.29425,0.2632,0.4372,0.39227,0.35317,0.55015,0.49638,0.44935,0.30417,0.27217,0.24423,0.40903,0.36839,0.33276,0.52168,0.47243,0.42906,0.27861,0.25008,0.22502,0.37985,0.34322,0.31088,0.49056,0.44567,0.40589
0.21153,0.18601,0.16419,0.30719,0.27243,0.24256,0.41471,0.37035,0.33203,0.19169,0.16925,0.14989,0.28348,0.25247,0.22558,0.389,0.34886,0.3139,0.17365,0.15382,0.13659,0.26075,0.23305,0.20885,0.36294,0.32666,0.29482,0.27774,0.24615,0.21898,0.38221,0.34121,0.30574,0.49511,0.44471,0.40089,0.25379,0.22584,0.20159,0.35511,0.31831,0.28622,0.46688,0.42102,0.38086,0.23104,0.20627,0.18463,0.32803,0.29505,0.26609,0.43711,0.39552,0.35886,0.34941,0.31176,0.27917,0.46032,0.41333,0.37244,0.57657,0.52053,0.47154,0.32219,0.2886,0.2593,0.43086,0.38838,0.35114,0.54686,0.49556,0.45041,0.29548,0.26554,0.23925,0.40052,0.36222,0.32843,0.51461,0.46786,0.42645
0.22188,0.19535,0.17268,0.32078,0.28473,0.25377,0.43132,0.38545,0.34584,0.20105,0.17775,0.15766,0.29593,0.26381,0.23599,0.40443,0.36296,0.32686,0.18222,0.16165,0.14378,0.27229,0.24362,0.21858,0.3774,0.33994,0.30709,0.29073,0.25792,0.22972,0.39828,0.35583,0.31913,0.5139,0.46186,0.41664,0.2657,0.2367,0.21155,0.37002,0.33195,0.29878,0.48448,0.43718,0.39577,0.24203,0.21636,0.19392,0.34196,0.30785,0.27792,0.45371,0.41084,0.37305,0.36481,0.32578,0.29202,0.47855,0.42998,0.38774,0.59715,0.5394,0.48893,0.3365,0.3017,0.27136,0.44794,0.40407,0.36564,0.56628,0.51347,0.46699,0.30882,0.27782,0.25061,0.4166,0.37707,0.3422,0.53303,0.48492,0.44232
0.25843,0.22799,0.20203,0.3687,0.32775,0.29263,0.48993,0.43831,0.39379,0.23366,0.20706,0.18415,0.33941,0.30308,0.27163,0.45845,0.41196,0.37152,0.21149,0.1881,0.16779,0.3119,0.27957,0.25136,0.42733,0.38543,0.34873,0.3364,0.29895,0.26679,0.45486,0.40688,0.36546,0.58016,0.52192,0.47137,0.30718,0.27418,0.24559,0.42214,0.37925,0.34191,0.54628,0.49348,0.44731,0.27977,0.25063,0.22518,0.39,0.35166,0.31804,0.51136,0.46361,0.42155,0.41879,0.37451,0.33625,0.54257,0.48803,0.44067,0.66977,0.60553,0.54946,0.38624,0.34686,0.31256,0.50765,0.45849,0.41547,0.63463,0.57602,0.52448,0.35467,0.31965,0.28891,0.47224,0.42802,0.38905,0.59734,0.54402,0.49684
0.31483,0.27835,0.24728,0.44106,0.39266,0.35122,0.57658,0.51641,0.4646,0.28335,0.25172,0.22451,0.40429,0.36163,0.32478,0.53745,0.48356,0.43676,0.25552,0.22789,0.20392,0.37026,0.33252,0.29964,0.4995,0.45117,0.40889,0.40622,0.36162,0.32339,0.53937,0.48309,0.43459,0.677,0.60967,0.55131,0.37005,0.33096,0.29715,0.49933,0.44926,0.40573,0.6358,0.57503,0.52194,0.33646,0.3021,0.27213,0.46054,0.41596,0.37691,0.59419,0.53939,0.49119,0.50015,0.44791,0.40285,0.63692,0.57355,0.51859,0.77463,0.70101,0.63683,0.46077,0.41448,0.37422,0.59501,0.53809,0.48834,0.73248,0.66554,0.60676,0.42292,0.38188,0.34591,0.55312,0.50205,0.4571,0.68869,0.62796,0.57428
0.38673,0.34254,0.305,0.53082,0.47317,0.4239,0.6813,0.61076,0.55013,0.34575,0.30781,0.27525,0.48363,0.43326,0.38981,0.63173,0.56902,0.51464,0.30995,0.27711,0.24866,0.44056,0.39634,0.35787,0.58445,0.52858,0.47975,0.49422,0.44058,0.3947,0.64282,0.57634,0.51915,0.79214,0.71394,0.64627,0.44859,0.40189,0.36157,0.59303,0.53423,0.4832,0.74145,0.67123,0.60998,0.40659,0.36579,0.33027,0.54538,0.4933,0.44775,0.69116,0.62813,0.57274,0.60087,0.53872,0.48522,0.7502,0.67617,0.61207,0.89674,0.81219,0.73856,0.55251,0.4977,0.4501,0.69934,0.63312,0.57532,0.84575,0.76916,0.70197,0.50644,0.45804,0.41567,0.64916,0.58996,0.53791,0.79394,0.72467,0.66348
0.47556,0.42192,0.37643,0.63877,0.57001,0.51136,0.80405,0.72135,0.65038,0.42145,0.37597,0.33699,0.5774,0.51798,0.46679,0.74059,0.66773,0.60463,0.37472,0.33579,0.30211,0.52206,0.47042,0.42554,0.68079,0.61642,0.56024,0.60195,0.53726,0.48204,0.76584,0.6872,0.61966,0.92511,0.83429,0.75581,0.54379,0.48793,0.43976,0.70346,0.63439,0.57453,0.86268,0.78161,0.71097,0.49067,0.44224,0.40011,0.64429,0.58353,0.53045,0.80142,0.72905,0.66552,0.72197,0.64787,0.58421,0.88226,0.79571,0.72089,1.0344,0.93737,0.85299,0.66224,0.59724,0.54087,0.82047,0.74342,0.67625,0.97328,0.88575,0.80904,0.60574,0.54862,0.49868,0.76011,0.69152,0.63128,0.91217,0.83327,0.76365
0.58831,0.52295,0.46761,0.77252,0.69026,0.62018,0.95291,0.85566,0.77231,0.51496,0.46045,0.41376,0.69051,0.62044,0.56014,0.8694,0.78476,0.71154,0.45237,0.40643,0.3667,0.61741,0.55736,0.50521,0.7915,0.71762,0.65317,0.73875,0.66024,0.59332,0.9179,0.82439,0.74419,1.0855,0.97951,0.88808,0.66296,0.59586,0.53806,0.83806,0.75668,0.68622,1.0071,0.91328,0.83159,0.59424,0.53665,0.48659,0.76288,0.69193,0.62999,0.93076,0.84762,0.77469,0.87371,0.78478,0.70848,1.0432,0.94145,0.85362,1.1975,1.0857,0.98857,0.79868,0.72117,0.65404,0.96705,0.87702,0.79861,1.1239,1.0235,0.93559,0.72812,0.66044,0.60133,0.8932,0.8135,0.74356,1.0508,0.96072,0.8813
0.7163,0.63898,0.57339,0.92443,0.82808,0.74592,1.1217,1.0091,0.91251,0.61322,0.55038,0.49647,0.80963,0.72949,0.66044,1.0057,0.90966,0.82652,0.52714,0.47547,0.43072,0.70931,0.64218,0.58382,0.89928,0.81708,0.74534,0.90321,0.80925,0.72908,1.0981,0.988,0.89355,1.273,1.1502,1.0443,0.80069,0.72165,0.65352,0.99143,0.89701,0.81522,1.17,1.0626,0.96913,0.70878,0.64201,0.58392,0.89198,0.81086,0.73999,1.0703,0.97635,0.89392,1.059,0.95286,0.86181,1.2356,1.1165,1.0137,1.389,1.2605,1.1489,0.96162,0.87006,0.79073,1.1385,1.034,0.9431,1.2971,1.1826,1.0824,0.87077,0.79161,0.72244,1.0449,0.95331,0.8729,1.2063,1.1044,1.0145
0.82602,0.74088,0.66824,1.0642,0.95709,0.86538,1.2845,1.1589,1.0509,0.68103,0.61456,0.55726,0.90016,0.81437,0.74017,1.1177,1.0141,0.92416,0.56434,0.51171,0.46595,0.76147,0.69216,0.63171,0.96902,0.8831,0.80793,1.0728,0.9649,0.8725,1.2876,1.1618,1.0535,1.4725,1.3332,1.2128,0.93141,0.84285,0.76625,1.1409,1.0353,0.94363,1.3322,1.2126,1.1083,0.80673,0.73376,0.67007,1.0057,0.91713,0.83953,1.1972,1.0946,1.0045,1.2632,1.1397,1.0334,1.4475,1.3106,1.1922,1.5996,1.4536,1.3267,1.1343,1.0292,0.93801,1.3203,1.2018,1.0984,1.4812,1.3526,1.2399,1.015,0.92554,0.84718,1.1986,1.096,1.0059,1.3646,1.2515,1.1516
0.87299,0.7889,0.71646,1.1503,1.0405,0.94572,1.4058,1.2739,1.1598,0.67933,0.61732,0.56344,0.92079,0.83761,0.76518,1.1652,1.0619,0.97164,0.53281,0.48621,0.44545,0.73792,0.67409,0.61813,0.96267,0.8808,0.80884,1.2139,1.098,0.99786,1.4614,1.3239,1.205,1.6668,1.5135,1.3805,1.0195,0.92771,0.84773,1.2565,1.145,1.0476,1.4704,1.3425,1.2306,0.85273,0.77981,0.7158,1.0717,0.98134,0.90184,1.2838,1.1775,1.0838,1.4671,1.3288,1.2091,1.6664,1.5128,1.3796,1.8213,1.6583,1.5163,1.2943,1.1791,1.0785,1.4964,1.366,1.2518,1.6649,1.5236,1.3995,1.1361,1.0401,0.95566,1.3346,1.2241,1.1267,1.5109,1.3888,1.2807
0.83326,0.75949,0.69518,1.1494,1.0471,0.9579,1.4507,1.3221,1.2099,0.60105,0.55025,0.50577,0.85208,0.77999,0.71674,1.1185,1.025,0.94268,0.44,0.40407,0.37247,0.63654,0.58445,0.53855,0.86623,0.79632,0.73446,1.293,1.1778,1.0774,1.5928,1.4506,1.3267,1.8376,1.6752,1.5333,1.0357,0.9488,0.87241,1.3103,1.2003,1.1036,1.5613,1.4313,1.3169,0.8245,0.75877,0.70065,1.0647,0.97984,0.9047,1.306,1.2025,1.1108,1.6488,1.501,1.3721,1.8798,1.7128,1.5671,2.0486,1.8701,1.7139,1.4176,1.2979,1.1928,1.6502,1.5121,1.3905,1.8387,1.6873,1.5538,1.2095,1.1129,1.0273,1.4339,1.3202,1.2194,1.6321,1.5044,1.391
0.70223,0.64525,0.59509,1.0276,0.94338,0.86907,1.3652,1.2525,1.153,0.46541,0.42883,0.39664,0.69465,0.63982,0.59135,0.95491,0.88026,0.81398,0.3176,0.29308,0.2715,0.48378,0.446,0.41262,0.68931,0.63693,0.5902,1.2563,1.1538,1.0632,1.6204,1.4857,1.3669,1.928,1.7668,1.6247,0.94679,0.87363,0.8087,1.2543,1.156,1.0689,1.5504,1.4288,1.3207,0.70857,0.65627,0.60971,0.95565,0.88419,0.82054,1.2221,1.1305,1.0488,1.7471,1.601,1.4722,2.0374,1.8655,1.7143,2.2442,2.0558,1.8899,1.449,1.335,1.2338,1.7313,1.5941,1.4723,1.9613,1.8062,1.6687,1.1886,1.1001,1.0211,1.4487,1.34,1.2431,1.6852,1.5588,1.446
0.53118,0.49099,0.45546,0.8181,0.7558,0.70044,1.1508,1.062,0.9831,0.3261,0.30175,0.28033,0.50567,0.46801,0.43458,0.72486,0.6711,0.62318,0.21176,0.1958,0.18182,0.33907,0.3134,0.29065,0.49887,0.46271,0.43026,1.0993,1.0171,0.94373,1.504,1.3887,1.2859,1.8768,1.7304,1.5999,0.77517,0.71967,0.67011,1.0828,1.0039,0.93327,1.4026,1.3,1.208,0.54397,0.50641,0.47287,0.76894,0.71466,0.66614,1.0307,0.95822,0.89308,1.7047,1.5735,1.4564,2.0741,1.9103,1.7647,2.349,2.1613,1.9949,1.3523,1.2539,1.1658,1.6878,1.5625,1.4504,1.9776,1.8292,1.6966,1.0578,0.9847,0.91894,1.345,1.2503,1.1652,1.6258,1.51,1.406
0.37795,0.3507,0.32663,0.60088,0.55738,0.51867,0.88632,0.82144,0.76352,0.21923,0.20334,0.1894,0.34637,0.32145,0.29932,0.51399,0.47676,0.44358,0.14169,0.13083,0.12137,0.23662,0.21903,0.20336,0.35791,0.33205,0.30885,0.88847,0.8266,0.77103,1.2837,1.1926,1.1105,1.6891,1.5664,1.4562,0.58804,0.5483,0.51276,0.8577,0.79898,0.74621,1.1585,1.0791,1.0076,0.38933,0.36366,0.34079,0.57255,0.53383,0.49918,0.79275,0.7406,0.69335,1.5387,1.4298,1.3314,1.9749,1.8301,1.6999,2.3317,2.1564,1.9995,1.1633,1.0848,1.0138,1.5271,1.4212,1.3257,1.8701,1.7383,1.6194,0.86584,0.80984,0.75927,1.1519,1.0755,1.0065,1.4579,1.3598,1.2711
0.25795,0.24002,0.22424,0.41698,0.3877,0.36171,0.637,0.5918,0.55148,0.14456,0.13427,0.12526,0.23135,0.21475,0.20006,0.35673,0.33065,0.30748,0.10014,0.092062,0.085037,0.17326,0.16018,0.14849,0.2758,0.25489,0.23622,0.68085,0.63592,0.59551,1.0247,0.95654,0.89487,1.4172,1.3209,1.2338,0.42395,0.39648,0.37197,0.63424,0.59317,0.55616,0.88369,0.82632,0.77442,0.2667,0.24957,0.2344,0.40387,0.37767,0.35413,0.56555,0.53034,0.49832,1.3088,1.2228,1.1447,1.7752,1.6545,1.5451,2.2018,2.0475,1.908,0.9411,0.88147,0.82745,1.2962,1.2119,1.1355,1.661,1.5518,1.4525,0.6657,0.62496,0.58814,0.92262,0.86445,0.81183,1.2173,1.1407,1.0709
0.17017,0.15867,0.14861,0.27765,0.25839,0.24139,0.4358,0.40514,0.37788,0.095384,0.088579,0.082621,0.15815,0.14632,0.13589,0.25885,0.23899,0.22142,0.078509,0.071827,0.065955,0.14238,0.13082,0.12053,0.24554,0.22541,0.20755,0.50259,0.47077,0.44222,0.77436,0.72537,0.68104,1.1149,1.0433,0.9783,0.29482,0.27635,0.25996,0.44231,0.41499,0.39038,0.62893,0.58956,0.55397,0.17874,0.1673,0.15725,0.27361,0.25678,0.24155,0.38365,0.36037,0.33922,1.0642,0.9985,0.93856,1.5158,1.42,1.3324,1.9762,1.8476,1.7302,0.72698,0.68318,0.6435,1.0403,0.97659,0.91861,1.3839,1.2988,1.2211,0.48833,0.45969,0.43389,0.69959,0.65734,0.6191,0.94476,0.88956,0.83891
0.10846,0.10123,0.094959,0.17957,0.16697,0.15591,0.29125,0.27032,0.2518,0.065644,0.060636,0.056262,0.1196,0.10976,0.10112,0.21492,0.19701,0.18124,0.070209,0.063912,0.058323,0.13838,0.12601,0.11507,0.25853,0.23579,0.21572,0.35802,0.33621,0.3167,0.55552,0.52166,0.4911,0.82193,0.77127,0.72531,0.1977,0.18585,0.17533,0.29127,0.27388,0.25828,0.41978,0.39396,0.37071,0.11986,0.11207,0.10525,0.18017,0.16952,0.15984,0.25794,0.2419,0.22739,0.83368,0.78453,0.73974,1.2315,1.1584,1.0914,1.6793,1.5774,1.4838,0.54008,0.50875,0.48047,0.78945,0.74387,0.70226,1.0768,1.0145,0.95731,0.34434,0.3247,0.30714,0.50344,0.47465,0.44847,0.67742,0.64051,0.60654
0.068864,0.064161,0.060119,0.11951,0.11064,0.1029,0.20661,0.19075,0.17681,0.052348,0.047728,0.043706,0.11085,0.10063,0.0917,0.21995,0.2001,0.18268,0.072513,0.0655,0.059297,0.15733,0.14225,0.12901,0.30831,0.27997,0.25509,0.2476,0.23307,0.22016,0.38197,0.35928,0.33893,0.57251,0.5381,0.50701,0.12838,0.12114,0.11472,0.18504,0.1741,0.16435,0.27159,0.25469,0.23955,0.083624,0.078244,0.073451,0.12329,0.11565,0.10874,0.19054,0.17755,0.16588,0.63638,0.6001,0.56712,0.95798,0.90384,0.85416,1.353,1.2754,1.2039,0.39103,0.36901,0.34923,0.56914,0.538,0.50959,0.78629,0.74267,0.70275,0.23825,0.22477,0.21284,0.3445,0.32646,0.30989,0.45396,0.43035,0.40868
0.046851,0.043318,0.040299,0.091278,0.083686,0.077094,0.17593,0.16102,0.14797,0.052032,0.046738,0.042139,0.12572,0.11321,0.1023,0.26487,0.23975,0.21782,0.083889,0.075214,0.067599,0.19395,0.17472,0.1579,0.38634,0.35002,0.31827,0.16817,0.15865,0.15026,0.25581,0.24089,0.2276,0.3844,0.36152,0.34097,0.082123,0.07769,0.073774,0.11926,0.11195,0.10549,0.18393,0.17177,0.16094,0.062298,0.058367,0.054781,0.098149,0.091113,0.084805,0.17264,0.15933,0.14744,0.4799,0.45331,0.42923,0.72436,0.68474,0.64849,1.0461,0.98842,0.93534,0.27987,0.26473,0.25114,0.39564,0.37488,0.35601,0.54773,0.5182,0.49129,0.16659,0.1572,0.14892,0.22661,0.21575,0.20575,0.29428,0.2792,0.26543
0.037623,0.034253,0.031372,0.087454,0.079199,0.07204,0.18913,0.17161,0.15634,0.06144,0.054666,0.048794,0.15917,0.14275,0.12848,0.34241,0.30911,0.28016,0.10291,0.09188,0.082257,0.24482,0.22018,0.19873,0.48793,0.44147,0.40102,0.11224,0.1061,0.10076,0.16786,0.15817,0.1496,0.25275,0.23758,0.22406,0.053447,0.05045,0.047825,0.08399,0.07824,0.073175,0.14468,0.13396,0.12445,0.051681,0.048045,0.04474,0.096723,0.088629,0.081427,0.19165,0.17544,0.16104,0.35806,0.33882,0.32147,0.53641,0.50772,0.48161,0.78238,0.74033,0.70178,0.19675,0.18685,0.17793,0.26707,0.25349,0.24123,0.36743,0.34798,0.33034,0.11797,0.1118,0.10623,0.14626,0.13951,0.13332,0.19278,0.18256,0.17328
0.03826,0.03424,0.030792,0.1037,0.093066,0.083861,0.24028,0.21683,0.19648,0.078676,0.069742,0.062016,0.20868,0.18684,0.16795,0.44919,0.40487,0.36654,0.12842,0.11448,0.10237,0.30832,0.27708,0.25,0.61109,0.55237,0.50146,0.073852,0.069935,0.066559,0.10969,0.10327,0.097651,0.1688,0.15824,0.14889,0.038186,0.03566,0.033461,0.07181,0.066015,0.06092,0.14367,0.13167,0.12106,0.050693,0.046386,0.042531,0.11315,0.10274,0.093532,0.23895,0.21774,0.19898,0.26436,0.25058,0.23822,0.39054,0.37003,0.35147,0.56899,0.53892,0.5115,0.13475,0.12852,0.12292,0.17625,0.1675,0.15966,0.24078,0.22805,0.21659,0.08253,0.078916,0.075528,0.097394,0.092621,0.08828,0.13876,0.13055,0.12313
0.047037,0.041649,0.037022,0.13797,0.12327,0.1106,0.32731,0.29449,0.26616,0.10285,0.091102,0.080975,0.27374,0.24492,0.22009,0.58526,0.52691,0.47666,0.15991,0.14251,0.12744,0.3845,0.34539,0.3116,0.75654,0.68326,0.61996,0.048417,0.045845,0.043657,0.07436,0.069696,0.065639,0.12365,0.11511,0.10758,0.033028,0.030263,0.027856,0.077516,0.070367,0.064089,0.17348,0.15788,0.14412,0.057941,0.052315,0.047333,0.14366,0.12989,0.11774,0.30931,0.28125,0.25654,0.19304,0.18327,0.17458,0.27943,0.26502,0.25207,0.40305,0.38199,0.36291,0.089992,0.086107,0.082654,0.11489,0.10921,0.10416,0.15874,0.15006,0.14229,0.057146,0.054878,0.052728,0.072833,0.068556,0.064702,0.12161,0.11313,0.10552
0.063094,0.05566,0.049281,0.18951,0.16904,0.15146,0.44957,0.40379,0.36448,0.13333,0.11815,0.1051,0.3538,0.31639,0.28432,0.74937,0.67398,0.60933,0.1967,0.17532,0.15688,0.47255,0.42429,0.38276,0.92242,0.83242,0.75494,0.033225,0.031297,0.029669,0.057789,0.053581,0.049926,0.11177,0.10293,0.095148,0.035908,0.032328,0.029207,0.098009,0.088364,0.079909,0.22944,0.20811,0.18938,0.071898,0.064481,0.057951,0.1857,0.16763,0.15177,0.3988,0.36226,0.33019,0.13988,0.13303,0.12699,0.19734,0.18735,0.17844,0.28035,0.26579,0.25268,0.05975,0.057249,0.055056,0.077235,0.073198,0.069637,0.11426,0.10734,0.10118,0.042351,0.040339,0.038475,0.06731,0.062385,0.057978,0.13376,0.12316,0.11367
0.085707,0.075569,0.066894,0.25811,0.23004,0.20605,0.60742,0.54484,0.49137,0.16978,0.15053,0.13404,0.44918,0.40148,0.36074,0.94212,0.84654,0.76488,0.23854,0.21266,0.1904,0.57278,0.51403,0.46365,1.1092,1.0002,0.90672,0.025774,0.023944,0.022393,0.055982,0.051152,0.046948,0.12722,0.11601,0.10618,0.04494,0.040083,0.035848,0.1305,0.11737,0.10588,0.30739,0.27841,0.25307,0.091038,0.081457,0.073054,0.23726,0.21409,0.19381,0.50465,0.45812,0.41744,0.10059,0.095844,0.091699,0.13793,0.13106,0.12499,0.19333,0.18324,0.17423,0.040544,0.038762,0.037219,0.057474,0.053986,0.050919,0.099021,0.092022,0.0858,0.036714,0.034319,0.032154,0.075833,0.069389,0.063647,0.16795,0.15372,0.14104
0.11677,0.10301,0.091277,0.35077,0.3124,0.27978,0.81587,0.73095,0.65872,0.21523,0.1909,0.17014,0.56856,0.50783,0.45619,1.1791,1.0586,0.95591,0.28874,0.25744,0.23061,0.69358,0.62206,0.56093,1.331,1.1994,1.0868,0.02454,0.022324,0.020427,0.067462,0.060926,0.055231,0.16955,0.15372,0.13986,0.059989,0.053341,0.04755,0.17647,0.1586,0.14304,0.41188,0.37274,0.33865,0.11604,0.10379,0.093088,0.30141,0.27195,0.24625,0.63354,0.57481,0.52364,0.070644,0.067448,0.064692,0.094462,0.089777,0.085675,0.13294,0.12576,0.1194,0.029298,0.027738,0.026395,0.051592,0.047727,0.044325,0.10814,0.099374,0.091591,0.038483,0.035242,0.03235,0.096582,0.087754,0.079915,0.223,0.20357,0.18632
0.15637,0.13801,0.12242,0.46909,0.41743,0.37373,1.0757,0.96286,0.86718,0.26938,0.23895,0.2131,0.71215,0.63554,0.57068,1.4579,1.3079,1.1805,0.34657,0.30898,0.27688,0.83398,0.74743,0.67372,1.5844,1.4268,1.2923,0.028913,0.025862,0.023231,0.091452,0.082136,0.074028,0.23796,0.21516,0.19529,0.080298,0.071393,0.063652,0.23482,0.21103,0.19037,0.54106,0.48929,0.4444,0.14591,0.13056,0.11719,0.37662,0.33976,0.30774,0.7827,0.70972,0.64635,0.049044,0.046898,0.045075,0.065488,0.062113,0.059181,0.097379,0.091615,0.086525,0.024879,0.023111,0.021581,0.05782,0.052744,0.048267,0.13879,0.12669,0.11597,0.046316,0.041866,0.037918,0.1275,0.11554,0.10495,0.29551,0.26948,0.24644
0.21349,0.18847,0.16733,0.64077,0.56958,0.50968,1.4372,1.2858,1.1577,0.34341,0.30457,0.2717,0.90954,0.81087,0.72767,1.8257,1.6374,1.4777,0.42324,0.37723,0.33808,1.0207,0.91399,0.82342,1.9106,1.7199,1.5573,0.040064,0.035536,0.031622,0.13373,0.11986,0.10784,0.34838,0.31453,0.28517,0.1096,0.097543,0.08709,0.31689,0.28476,0.25699,0.71934,0.64999,0.59011,0.18583,0.16639,0.14951,0.47646,0.42972,0.38926,0.97787,0.88609,0.80667,0.032868,0.031405,0.030181,0.047394,0.044579,0.042139,0.083198,0.077353,0.072196,0.026618,0.02417,0.022034,0.077501,0.070121,0.063616,0.19683,0.17912,0.16349,0.061212,0.055001,0.049511,0.17351,0.15713,0.14268,0.39716,0.36198,0.33097
0.28805,0.25423,0.22581,0.86608,0.76901,0.6877,1.879,1.6821,1.5155,0.43534,0.38588,0.34424,1.1554,1.029,0.92283,2.2563,2.0245,1.8279,0.51529,0.45903,0.41135,1.2457,1.1144,1.0034,2.2865,2.0584,1.864,0.058016,0.051374,0.045635,0.19464,0.17437,0.15686,0.50126,0.45205,0.40959,0.14668,0.13068,0.11685,0.42015,0.37743,0.34066,0.94,0.84867,0.7701,0.2335,0.20918,0.18812,0.59597,0.53728,0.48665,1.2082,1.094,0.99552,0.023178,0.02197,0.02096,0.041926,0.038798,0.036074,0.093388,0.085716,0.078945,0.034474,0.030891,0.027753,0.11012,0.09938,0.089935,0.28058,0.25506,0.23261,0.082056,0.073632,0.066208,0.232,0.21011,0.19087,0.52218,0.47574,0.43495
0.3872,0.3415,0.30332,1.1633,1.0321,0.92257,2.3947,2.1495,1.9406,0.55204,0.48889,0.43598,1.4645,1.3033,1.1682,2.7471,2.4694,2.2328,0.62826,0.55924,0.50098,1.5204,1.3591,1.223,2.716,2.447,2.2173,0.083963,0.074402,0.066164,0.27944,0.25025,0.22517,0.70892,0.63864,0.57831,0.19353,0.17255,0.15449,0.55117,0.49484,0.44658,1.2143,1.0954,0.99352,0.29109,0.26084,0.23474,0.74123,0.66781,0.60472,1.4824,1.3415,1.2203,0.019199,0.017836,0.016682,0.048664,0.044299,0.04048,0.12904,0.11753,0.10739,0.048402,0.043192,0.038627,0.15696,0.14162,0.12816,0.39398,0.35794,0.32638,0.10922,0.098053,0.088239,0.30507,0.27634,0.25116,0.67521,0.61487,0.56207
0.51542,0.45411,0.40317,1.5344,1.3616,1.2174,2.9223,2.6371,2.3912,0.69633,0.61599,0.54898,1.8356,1.6333,1.464,3.2559,2.9373,2.6634,0.76324,0.67874,0.6077,1.8434,1.647,1.4816,3.1757,2.8663,2.601,0.11837,0.105,0.093527,0.39112,0.35007,0.31499,0.97576,0.87823,0.79484,0.25043,0.22336,0.20016,0.71174,0.6385,0.57601,1.5405,1.389,1.2593,0.3584,0.32114,0.28912,0.91234,0.82136,0.74345,1.7966,1.6252,1.4779,0.020588,0.018673,0.017024,0.067531,0.060956,0.055196,0.19112,0.17353,0.1581,0.068006,0.060689,0.054287,0.21788,0.19663,0.17806,0.53711,0.48771,0.44462,0.1421,0.12768,0.11505,0.39205,0.35513,0.32289,0.85465,0.77785,0.71086
0.67373,0.59288,0.52604,1.9576,1.7404,1.5584,3.3651,3.0609,2.7936,0.86709,0.76612,0.68226,2.2501,2.004,1.7976,3.7168,3.3711,3.0702,0.91779,0.81531,0.72947,2.2021,1.9675,1.77,3.6255,3.2819,2.9852,0.16068,0.14264,0.12721,0.52944,0.47351,0.42594,1.2951,1.1651,1.0542,0.31614,0.28196,0.25278,0.89908,0.80585,0.72661,1.9052,1.7177,1.5574,0.43353,0.38837,0.34968,1.1049,0.99393,0.89919,2.1374,1.9333,1.758,0.026649,0.023827,0.021378,0.097448,0.087728,0.079228,0.27806,0.25216,0.22952,0.092228,0.082402,0.073823,0.29092,0.26257,0.23789,0.70576,0.64044,0.58368,0.17922,0.16117,0.14539,0.49002,0.44379,0.40355,1.0543,0.95898,0.87611
0.86988,0.76466,0.67801,2.4083,2.1504,1.932,3.6561,3.3588,3.0911,1.0707,0.94496,0.84087,2.6961,2.4072,2.1634,4.0839,3.7305,3.4175,1.0967,0.97317,0.87006,2.5953,2.3207,2.0889,4.0413,3.6736,3.3529,0.21238,0.18858,0.16833,0.7002,0.62568,0.56257,1.668,1.501,1.3586,0.39262,0.35005,0.31385,1.1185,1.0016,0.90265,2.306,2.0804,1.8873,0.51835,0.46414,0.41787,1.3232,1.1894,1.0755,2.5046,2.2663,2.0615,0.036974,0.032893,0.029344,0.13872,0.12481,0.1127,0.39211,0.3553,0.32328,0.12119,0.10841,0.097282,0.37754,0.34071,0.30878,0.90308,0.81893,0.74608,0.221,0.19885,0.17956,0.6008,0.54391,0.49457,1.277,1.1609,1.0602
1.12,0.98386,0.87203,2.8516,2.5653,2.3186,3.7653,3.4973,3.2491,1.3221,1.1657,1.0366,3.1625,2.8364,2.5582,4.327,3.9867,3.6788,1.312,1.163,1.0389,3.0291,2.7137,2.4463,4.4057,4.0273,3.6926,0.27746,0.24633,0.21996,0.91684,0.81855,0.73561,2.1011,1.8936,1.716,0.48511,0.43224,0.38748,1.3835,1.238,1.1152,2.7478,2.4831,2.2556,0.61807,0.55307,0.49777,1.5792,1.4185,1.2821,2.9064,2.6325,2.3966,0.051907,0.046151,0.041144,0.19401,0.17456,0.15767,0.54133,0.49013,0.44577,0.15627,0.13993,0.12574,0.48291,0.43565,0.39481,1.1396,1.0328,0.94048,0.26945,0.24253,0.21914,0.73039,0.66089,0.60079,1.5331,1.393,1.2717
1.4348,1.2608,1.1179,3.2103,2.9192,2.6618,3.6895,3.4633,3.2478,1.6313,1.4377,1.278,3.6029,3.2542,2.9516,4.4142,4.1052,3.8189,1.5721,1.3922,1.2428,3.4873,3.1347,2.8334,4.6824,4.3094,3.974,0.3599,0.31936,0.28517,1.1904,1.0621,0.95418,2.5761,2.3293,2.1165,0.598,0.53236,0.47701,1.7021,1.5227,1.3712,3.2132,2.9124,2.652,0.73636,0.65837,0.59225,1.8793,1.6874,1.5245,3.3346,3.026,2.759,0.072014,0.064085,0.057203,0.26644,0.23969,0.21656,0.73374,0.6638,0.60343,0.19858,0.17792,0.16004,0.61132,0.55116,0.49938,1.422,1.2879,1.1724,0.32583,0.29329,0.26512,0.88276,0.79823,0.72536,1.827,1.6594,1.5146
1.8155,1.5991,1.4203,3.4024,3.1345,2.8895,3.4685,3.2853,3.1062,2.0041,1.7673,1.5717,3.9505,3.6021,3.2927,4.3411,4.0746,3.8213,1.8843,1.6677,1.4881,3.9362,3.5566,3.2281,4.8382,4.4871,4.1653,0.46466,0.41196,0.36772,1.5292,1.3646,1.2262,3.0491,2.7722,2.5303,0.73631,0.65478,0.58631,2.0787,1.8601,1.6755,3.668,3.3398,3.0526,0.87716,0.78347,0.70433,2.2273,1.9997,1.8067,3.7705,3.4316,3.1363,0.098068,0.08737,0.07811,0.35996,0.3237,0.29248,0.97796,0.88407,0.80329,0.24936,0.22348,0.20116,0.76754,0.69146,0.62622,1.7546,1.5887,1.446,0.39143,0.3523,0.31851,1.0619,0.95946,0.87144,2.1608,1.9624,1.791
2.291,2.0295,1.8104,3.4095,3.186,2.9735,3.1603,3.0152,2.8704,2.4844,2.1961,1.9565,4.1777,3.8554,3.56,4.1406,3.9204,3.706,2.2927,2.0293,1.8107,4.3766,3.9847,3.639,4.8785,4.5633,4.2676,0.61131,0.54126,0.48277,1.9773,1.7671,1.5896,3.5029,3.2115,2.9515,0.92306,0.81972,0.73331,2.5558,2.2902,2.0651,4.1127,3.7697,3.4646,1.0617,0.94714,0.85072,2.6642,2.3934,2.1632,4.2327,3.869,3.5487,0.13391,0.1194,0.1069,0.49069,0.4409,0.39824,1.3116,1.185,1.0763,0.31569,0.28289,0.25471,0.97518,0.87762,0.79428,2.1768,1.9713,1.7945,0.47488,0.42722,0.38622,1.2922,1.1666,1.0589,2.5707,2.3354,2.1319
2.7474,2.4596,2.2122,3.2096,3.0355,2.8642,2.8155,2.6993,2.5818,3.0012,2.6672,2.3859,4.1829,3.9082,3.6477,3.8355,3.657,3.4795,2.7618,2.4478,2.1862,4.6814,4.3026,3.9604,4.765,4.4933,4.2327,0.79953,0.70689,0.62992,2.4796,2.2245,2.0072,3.7916,3.5118,3.2557,1.153,1.0225,0.91376,3.0726,2.7623,2.4971,4.4262,4.0903,3.7853,1.2818,1.142,1.0248,3.1438,2.8288,2.56,4.6242,4.2509,3.9174,0.17906,0.15974,0.14315,0.65821,0.59082,0.53335,1.7178,1.5522,1.41,0.3952,0.35398,0.31872,1.2266,1.1027,0.99731,2.6483,2.401,2.1875,0.57197,0.51423,0.46473,1.561,1.408,1.2772,3.0151,2.7417,2.5047
3.086,2.807,2.5574,2.8777,2.7463,2.6133,2.4675,2.3728,2.2764,3.5117,3.1511,2.8401,3.9821,3.7636,3.5494,3.4687,3.3248,3.1796,3.3015,2.9364,2.6296,4.8077,4.4674,4.1508,4.5208,4.2943,4.0726,1.055,0.93157,0.82938,3.0056,2.7166,2.4658,3.8725,3.627,3.3954,1.4518,1.2859,1.1482,3.611,3.2654,2.9657,4.5729,4.2656,3.9796,1.5594,1.3876,1.244,3.6703,3.3133,3.0062,4.916,4.5512,4.2195,0.23905,0.21326,0.19122,0.88424,0.79281,0.71517,2.2163,2.0057,1.8243,0.49649,0.44438,0.39998,1.5461,1.3889,1.2553,3.1762,2.8867,2.6354,0.69207,0.62168,0.56155,1.8904,1.7039,1.5449,3.5036,3.192,2.9208
3.1758,2.9422,2.7226,2.5066,2.4056,2.3017,2.1511,2.0717,1.9909,3.8861,3.5355,3.2222,3.6414,3.4728,3.3029,3.094,2.9762,2.8563,3.85,3.4466,3.102,4.7287,4.442,4.1671,4.1926,4.0065,3.821,1.3866,1.2236,1.0889,3.4343,3.1389,2.8753,3.744,3.5423,3.3466,1.8233,1.614,1.4404,4.0761,3.7179,3.4007,4.5293,4.2641,4.0111,1.8961,1.6857,1.5101,4.1855,3.7982,3.4606,5.059,4.7204,4.406,0.31602,0.28181,0.25271,1.1766,1.054,0.95014,2.7657,2.5118,2.2914,0.62155,0.55573,0.49991,1.9335,1.7363,1.5689,3.7059,3.3823,3.0984,0.83593,0.75011,0.67709,2.2758,2.0509,1.859,3.9956,3.6516,3.3498
2.9992,2.825,2.6529,2.1504,2.0697,1.9863,1.8736,1.8053,1.7362,4.0108,3.7084,3.4263,3.235,3.1046,2.9705,2.7369,2.6384,2.5378,4.3174,3.9036,3.541,4.4688,4.2384,4.011,3.8201,3.6671,3.5125,1.8,1.5902,1.4163,3.6476,3.3793,3.1313,3.4638,3.3035,3.1442,2.2694,2.0104,1.7951,4.3699,4.0298,3.72,4.3182,4.0988,3.8844,2.296,2.0406,1.8276,4.6194,4.2228,3.8706,5.0342,4.7344,4.4501,0.41474,0.36954,0.33128,1.5452,1.3838,1.2473,3.2952,3.0115,2.7612,0.77588,0.69286,0.62276,2.3872,2.145,1.9392,4.1715,3.8305,3.5268,1.008,0.90342,0.81481,2.7141,2.447,2.2188,4.4463,4.0816,3.7581
2.6395,2.5161,2.3893,1.8284,1.7616,1.6928,1.6306,1.5709,1.5109,3.8427,3.6096,3.3817,2.8135,2.7102,2.6031,2.405,2.3209,2.2352,4.5898,4.2048,3.8558,4.0757,3.8952,3.7127,3.4286,3.3016,3.1724,2.2804,2.0236,1.8084,3.5847,3.3668,3.1576,3.098,2.9712,2.8431,2.7782,2.469,2.2097,4.4173,4.123,3.8461,3.9815,3.8041,3.6274,2.7604,2.456,2.2012,4.8918,4.5136,4.1697,4.844,4.5893,4.3428,0.54416,0.48432,0.43393,1.9949,1.789,1.6144,3.7026,3.4145,3.1545,0.96985,0.86496,0.77675,2.8957,2.608,2.362,4.4965,4.1616,3.8574,1.2171,1.0896,0.98189,3.1969,2.887,2.6211,4.8017,4.4339,4.1028
2.2473,2.157,2.0623,1.5629,1.5057,1.4473,1.4288,1.3759,1.3229,3.4911,3.3204,3.1466,2.4368,2.3519,2.2638,2.1188,2.0457,1.9713,4.6214,4.2943,3.9861,3.6489,3.5062,3.3596,3.0645,2.957,2.8472,2.7599,2.4706,2.223,3.3271,3.1598,2.9937,2.7338,2.631,2.5263,3.2984,2.9496,2.6527,4.2526,4.0138,3.7816,3.6068,3.4626,3.317,3.2668,2.9147,2.6177,4.9753,4.637,4.321,4.5564,4.3438,4.1344,0.70876,0.63001,0.56401,2.4953,2.246,2.0326,3.9131,3.646,3.3986,1.2066,1.0748,0.96428,3.4161,3.0901,2.8084,4.646,4.3374,4.0506,1.4645,1.3096,1.1791,3.6945,3.3464,3.0457,5.0312,4.6773,4.3532
1.8759,1.8063,1.7329,1.3398,1.29,1.2395,1.2563,1.2089,1.1619,3.0438,2.9197,2.7896,2.1024,2.0307,1.9564,1.8675,1.8028,1.7375,4.4039,4.1481,3.897,3.2168,3.1019,2.9828,2.7256,2.6331,2.5387,3.1295,2.8403,2.5843,2.955,2.8286,2.7,2.3886,2.3031,2.2159,3.7504,3.3884,3.0723,3.9211,3.735,3.549,3.2195,3.1008,2.9801,3.7831,3.3934,3.0604,4.8547,4.5698,4.2962,4.1978,4.0221,3.8465,0.92374,0.82011,0.73361,2.9944,2.7141,2.4701,3.8939,3.6661,3.4491,1.5013,1.3361,1.1979,3.8915,3.5447,3.2399,4.6017,4.3336,4.0786,1.7629,1.5751,1.4172,4.1723,3.7977,3.47,5.1048,4.7806,4.478
1.5619,1.5051,1.4457,1.1568,1.1127,1.0685,1.111,1.0683,1.0261,2.5986,2.5048,2.4051,1.8186,1.7564,1.6925,1.6519,1.5941,1.5361,4.0173,3.8257,3.6309,2.8177,2.7227,2.6239,2.4234,2.3426,2.2603,3.2703,3.0185,2.7855,2.5635,2.4655,2.3645,2.0841,2.0111,1.9369,4.0258,3.6867,3.3802,3.5125,3.3682,3.2209,2.8551,2.7554,2.6537,4.2377,3.8328,3.4795,4.5748,4.3442,4.117,3.8165,3.6705,3.5231,1.1979,1.0627,0.95017,3.3895,3.1041,2.8493,3.6889,3.5043,3.3239,1.8577,1.6529,1.4817,4.2384,3.8967,3.5893,4.3984,4.1745,3.9569,2.1143,1.8884,1.6986,4.5714,4.1889,3.8487,5.0273,4.7421,4.4707
1.3106,1.2625,1.2126,1.0084,0.96893,0.9297,0.98967,0.95084,0.91278,2.2072,2.1325,2.0528,1.5838,1.5289,1.4729,1.4699,1.4178,1.3657,3.5653,3.422,3.2722,2.4696,2.3887,2.3047,2.1617,2.0899,2.0172,3.1622,2.9661,2.776,2.2078,2.1286,2.0468,1.8262,1.7626,1.6982,4.0647,3.7775,3.5072,3.1006,2.9862,2.8679,2.5315,2.446,2.3587,4.5538,4.163,3.8126,4.2071,4.0228,3.8374,3.4479,3.3249,3.1998,1.5339,1.3613,1.2174,3.5917,3.3299,3.0886,3.3824,3.2349,3.0879,2.2701,2.0218,1.8138,4.3992,4.0874,3.799,4.0988,3.9149,3.7328,2.514,2.2465,2.0213,4.8404,4.4714,4.1364,4.8327,4.5883,4.3514
1.1051,1.0632,1.0205,0.88378,0.84824,0.81321,0.88506,0.84964,0.81511,1.8671,1.8048,1.7389,1.3838,1.3348,1.2852,1.3116,1.2642,1.2172,3.0942,2.9844,2.8679,2.1612,2.091,2.0183,1.9292,1.8649,1.8,2.8544,2.7116,2.5676,1.891,1.8248,1.7567,1.6028,1.5465,1.4899,3.8537,3.6309,3.4127,2.7036,2.6103,2.5135,2.2403,2.1655,2.0895,4.6497,4.304,3.9838,3.7839,3.6367,3.4863,3.0927,2.9875,2.8803,1.9273,1.7148,1.5366,3.5488,3.3313,3.124,3.022,2.9036,2.7841,2.7219,2.4319,2.1869,4.336,4.072,3.8206,3.7338,3.5834,3.4324,2.9531,2.6438,2.3822,4.9251,4.5909,4.2803,4.5356,4.3302,4.128
0.94261,0.90567,0.8684,0.78115,0.74894,0.71742,0.79644,0.76398,0.7325,1.5898,1.5362,1.4801,1.2182,1.1739,1.1296,1.177,1.1337,1.091,2.6691,2.5813,2.4877,1.9004,1.8382,1.7744,1.7294,1.6712,1.6127,2.4812,2.3766,2.2684,1.6283,1.5714,1.5131,1.416,1.3656,1.3152,3.4986,3.332,3.1631,2.3563,2.2778,2.1965,1.9901,1.9238,1.8567,4.5356,4.2504,3.9769,3.3713,3.2514,3.1277,2.7733,2.6819,2.5887,2.3427,2.0958,1.8861,3.3268,3.1558,2.9878,2.6742,2.5768,2.478,3.1699,2.8484,2.5731,4.1081,3.8943,3.6851,3.3662,3.2415,3.1153,3.4043,3.0588,2.7639,4.8429,4.5544,4.2797,4.197,4.0247,3.853
0.81313,0.78016,0.74726,0.69579,0.66644,0.63791,0.72079,0.69091,0.66207,1.3652,1.318,1.2692,1.0801,1.0399,0.99997,1.062,1.0222,0.9832,2.3027,2.2297,2.1519,1.6804,1.6246,1.5678,1.5574,1.5043,1.4512,2.1193,2.0393,1.9556,1.4125,1.3624,1.3116,1.2594,1.2138,1.1685,3.0904,2.9653,2.8353,2.06,1.9922,1.9222,1.7761,1.7166,1.6566,4.2594,4.0348,3.8122,2.9917,2.8917,2.788,2.4909,2.4102,2.328,2.7194,2.4549,2.2253,3.01,2.8774,2.7441,2.3602,2.278,2.1944,3.5548,3.2217,2.9302,3.7818,3.6117,3.4416,3.0199,2.9146,2.8075,3.8305,3.4611,3.1414,4.6273,4.3865,4.152,3.848,3.7026,3.5564
0.70222,0.67275,0.64365,0.62003,0.59329,0.56745,0.6523,0.62481,0.59839,1.171,1.1292,1.0864,0.95743,0.9209,0.88482,0.95763,0.92114,0.88548,1.9728,1.9106,1.8448,1.4829,1.4327,1.382,1.4003,1.3519,1.3037,1.7783,1.7149,1.6485,1.2237,1.1794,1.1348,1.1194,1.0781,1.0373,2.659,2.5638,2.4633,1.7932,1.7339,1.6732,1.5818,1.5282,1.4744,3.8532,3.6832,3.5097,2.6301,2.5454,2.4576,2.2274,2.1557,2.0829,2.9928,2.7382,2.5097,2.6396,2.537,2.4321,2.0671,1.9967,1.9253,3.8223,3.5057,3.2202,3.3853,3.2517,3.1157,2.6836,2.5938,2.5024,4.204,3.8308,3.501,4.2938,4.0993,3.9059,3.4832,3.3603,3.236
0.61319,0.58665,0.56068,0.55658,0.5321,0.50858,0.59357,0.56818,0.54388,1.0149,0.97736,0.93945,0.85491,0.82152,0.78876,0.86828,0.83463,0.8019,1.7019,1.6475,1.5906,1.3176,1.272,1.2262,1.2656,1.2211,1.1771,1.4985,1.4457,1.3909,1.0702,1.0305,0.99084,1.0021,0.96439,0.92738,2.2764,2.2003,2.1197,1.5719,1.5192,1.4656,1.4171,1.3683,1.3197,3.4152,3.2851,3.1495,2.3184,2.2449,2.1691,1.9998,1.9353,1.8701,3.0606,2.8422,2.6384,2.2922,2.2097,2.125,1.8189,1.7573,1.6951,3.8857,3.6109,3.3542,2.996,2.8885,2.778,2.3888,2.3107,2.2313,4.4296,4.0781,3.7591,3.9147,3.7577,3.599,3.1451,3.0396,2.9325
0.54067,0.51663,0.49329,0.50286,0.48036,0.45884,0.54277,0.51924,0.4968,0.88802,0.85409,0.82016,0.7684,0.73775,0.70785,0.79116,0.76002,0.72986,1.4795,1.431,1.3809,1.1781,1.1364,1.0949,1.1494,1.1083,1.0679,1.2731,1.2278,1.181,0.9442,0.90828,0.8727,0.90277,0.8682,0.83443,1.9519,1.8884,1.8215,1.3877,1.3402,1.2924,1.2766,1.2319,1.1877,2.9946,2.8922,2.784,2.0519,1.9871,1.9204,1.803,1.7444,1.6856,2.9318,2.76,2.5932,1.9874,1.9188,1.8483,1.6097,1.555,1.4999,3.7539,3.5318,3.317,2.6396,2.5507,2.4589,2.1332,2.0641,1.994,4.4765,4.1671,3.878,3.5305,3.4021,3.2708,2.839,2.7469,2.6534
0.47444,0.45278,0.43191,0.45249,0.43189,0.41228,0.49453,0.4728,0.45215,0.77245,0.74191,0.71167,0.68743,0.65941,0.63223,0.71796,0.68923,0.66153,1.2757,1.2326,1.1885,1.0474,1.0095,0.97188,1.0388,1.0011,0.96408,1.0714,1.0322,0.99224,0.8286,0.79623,0.76443,0.80969,0.77809,0.74738,1.651,1.5973,1.5412,1.2169,1.1743,1.1316,1.1439,1.1032,1.063,2.57,2.4883,2.4017,1.7999,1.7425,1.6839,1.615,1.562,1.5089,2.6393,2.5148,2.3893,1.6989,1.6411,1.5821,1.4144,1.3657,1.317,3.4457,3.2799,3.1137,2.2892,2.2149,2.1383,1.8887,1.8275,1.7658,4.3358,4.0858,3.8438,3.1221,3.0174,2.9095,2.5357,2.4553,2.3737
0.4204,0.40076,0.38196,0.40984,0.3909,0.37294,0.45286,0.43272,0.41365,0.67875,0.65109,0.62392,0.61922,0.59349,0.56865,0.65493,0.62834,0.60279,1.1108,1.072,1.0327,0.93779,0.90304,0.86884,0.94388,0.90901,0.875,0.91342,0.87885,0.84407,0.73395,0.70459,0.67592,0.73109,0.70206,0.67398,1.4094,1.3626,1.3142,1.0761,1.0375,0.99914,1.0315,0.99408,0.9574,2.2083,2.1403,2.0685,1.5895,1.538,1.4858,1.4545,1.4061,1.3579,2.2863,2.1949,2.1006,1.4633,1.4132,1.3624,1.2526,1.2088,1.1653,3.0526,2.9295,2.8028,1.9929,1.929,1.8635,1.682,1.6271,1.5719,4.0296,3.8363,3.6432,2.7552,2.6673,2.5767,2.2718,2.2005,2.1283
0.37567,0.35777,0.34073,0.37335,0.35587,0.33936,0.41657,0.39784,0.38016,0.60175,0.57656,0.55201,0.56118,0.53745,0.51466,0.60023,0.57554,0.55189,0.97594,0.94071,0.90539,0.84495,0.81299,0.78169,0.86171,0.82939,0.79799,0.78826,0.75743,0.72673,0.65547,0.62867,0.60267,0.66405,0.63726,0.61147,1.215,1.1735,1.1311,0.95887,0.92368,0.88893,0.93529,0.90082,0.86716,1.9067,1.8482,1.7869,1.413,1.3663,1.3194,1.3167,1.2722,1.2281,1.9476,1.8772,1.8039,1.2714,1.2272,1.1827,1.1176,1.0778,1.0385,2.6538,2.5596,2.4612,1.745,1.6889,1.6317,1.5066,1.4568,1.4071,3.6388,3.4909,3.3394,2.4345,2.359,2.2811,2.0432,1.9791,1.9145
0.3364,0.32008,0.30463,0.3405,0.32435,0.30916,0.38345,0.36604,0.34964,0.53461,0.51167,0.48946,0.50914,0.48726,0.46633,0.55046,0.52752,0.50563,0.85903,0.82704,0.79524,0.76206,0.73265,0.704,0.7871,0.75714,0.72814,0.68271,0.65513,0.62793,0.58657,0.56209,0.53848,0.60385,0.57913,0.55541,1.0496,1.0125,0.9751,0.85571,0.82358,0.79205,0.84877,0.81698,0.78606,1.6444,1.5932,1.5401,1.2569,1.2145,1.1721,1.1923,1.1514,1.111,1.6384,1.582,1.5234,1.1067,1.0674,1.0281,0.99866,0.96245,0.92691,2.2714,2.1972,2.1191,1.5278,1.478,1.4276,1.3501,1.3048,1.2599,3.2077,3.0944,2.9763,2.1444,2.0785,2.0109,1.8357,1.7779,1.7199
0.30312,0.28817,0.27409,0.31186,0.29691,0.28289,0.35416,0.33792,0.32268,0.47814,0.45717,0.43698,0.46404,0.4438,0.42452,0.50659,0.48524,0.46492,0.76147,0.73229,0.7035,0.69061,0.66347,0.63715,0.72157,0.69373,0.66687,0.59698,0.57215,0.54786,0.52814,0.5057,0.48415,0.55157,0.52868,0.5068,0.91454,0.88121,0.84784,0.76816,0.73871,0.70996,0.77358,0.74416,0.71566,1.4274,1.3819,1.3351,1.1241,1.0854,1.0469,1.084,1.0462,1.0091,1.3818,1.3347,1.2859,0.97119,0.93585,0.9008,0.89766,0.86453,0.83217,1.9406,1.8794,1.8152,1.3458,1.3012,1.2563,1.2158,1.1744,1.1334,2.7957,2.7061,2.6118,1.8956,1.8372,1.7776,1.6554,1.6028,1.5503
0.2749,0.26117,0.24828,0.28696,0.27307,0.26008,0.32832,0.31314,0.29892,0.43066,0.41141,0.39297,0.42502,0.40625,0.38842,0.46805,0.44811,0.42919,0.68015,0.65341,0.62721,0.62919,0.60404,0.57977,0.66422,0.63827,0.61331,0.52725,0.50474,0.48289,0.47864,0.45797,0.43821,0.50625,0.48499,0.46472,0.80447,0.77425,0.74425,0.69401,0.66688,0.64054,0.70842,0.68109,0.65472,1.2494,1.2085,1.1668,1.0117,0.97611,0.94095,0.99015,0.95513,0.92089,1.1757,1.135,1.0933,0.85988,0.82785,0.79631,0.81205,0.78158,0.75195,1.666,1.6137,1.5592,1.1944,1.1539,1.1135,1.1009,1.0629,1.0254,2.4302,2.3565,2.2788,1.6849,1.6325,1.5793,1.4998,1.4517,1.4037
0.25042,0.23775,0.22591,0.26487,0.25193,0.23987,0.30511,0.2909,0.27762,0.38977,0.37205,0.35515,0.39059,0.37313,0.3566,0.43356,0.41492,0.39727,0.61073,0.58617,0.56224,0.57528,0.55195,0.52951,0.61311,0.58887,0.56563,0.46895,0.44847,0.42871,0.43571,0.41662,0.39844,0.46618,0.44638,0.42756,0.71247,0.68496,0.65785,0.62979,0.60474,0.58052,0.65085,0.62542,0.60096,1.1005,1.0633,1.0259,0.91448,0.88167,0.84943,0.9073,0.87476,0.84307,1.0086,0.97281,0.93654,0.76627,0.73711,0.70855,0.73792,0.7098,0.68256,1.438,1.3922,1.345,1.0658,1.029,0.99235,1.0009,0.96574,0.93129,2.1132,2.0507,1.9849,1.5041,1.4566,1.4087,1.3634,1.3191,1.2751
0.22899,0.21729,0.20638,0.24514,0.23308,0.22185,0.28417,0.27084,0.25841,0.35426,0.33791,0.32238,0.36,0.34374,0.32839,0.40256,0.38509,0.3686,0.55097,0.52834,0.50642,0.52769,0.50598,0.48519,0.56733,0.54466,0.52298,0.41967,0.40096,0.38301,0.39819,0.38052,0.36375,0.43053,0.41205,0.39455,0.63481,0.60967,0.58507,0.57376,0.55057,0.52825,0.59969,0.57598,0.55324,0.97484,0.94102,0.90715,0.82983,0.79952,0.76986,0.83377,0.80347,0.77406,0.87238,0.84051,0.80855,0.6868,0.66013,0.63415,0.67323,0.64721,0.62209,1.2487,1.2081,1.1665,0.95586,0.92211,0.88878,0.91317,0.88062,0.84886,1.842,1.7876,1.7308,1.3482,1.3049,1.2614,1.2432,1.2023,1.1619
0.21041,0.19956,0.18947,0.22769,0.21641,0.20593,0.26544,0.25291,0.24125,0.32368,0.30854,0.29422,0.33308,0.31789,0.30359,0.37492,0.35852,0.34307,0.49993,0.47902,0.45886,0.48602,0.46578,0.44645,0.52669,0.50543,0.48516,0.37826,0.3611,0.34471,0.36566,0.34924,0.33371,0.39908,0.38179,0.36545,0.5697,0.54662,0.52417,0.52526,0.50373,0.48308,0.55462,0.53244,0.51124,0.86975,0.83877,0.80795,0.75677,0.72865,0.70126,0.76908,0.74079,0.7134,0.76215,0.73349,0.705,0.61975,0.59523,0.57147,0.6172,0.59303,0.56977,1.0933,1.0568,1.0197,0.8625,0.83145,0.80094,0.83689,0.80664,0.77723,1.6146,1.5663,1.5163,1.215,1.1753,1.1356,1.1383,1.1004,1.063
0.19417,0.18407,0.17471,0.21216,0.20158,0.19177,0.24859,0.2368,0.22583,0.29713,0.28306,0.2698,0.30923,0.29501,0.28165,0.35017,0.33474,0.32023,0.45598,0.43659,0.41797,0.44932,0.43039,0.41237,0.49042,0.47044,0.45143,0.3431,0.32728,0.31225,0.33723,0.32193,0.3075,0.37115,0.35494,0.33965,0.51455,0.49329,0.4727,0.48298,0.46293,0.44375,0.51467,0.49388,0.47406,0.78108,0.75255,0.72437,0.69324,0.66709,0.6417,0.71185,0.68536,0.65979,0.67204,0.64607,0.62045,0.56263,0.54,0.51816,0.5683,0.54577,0.52417,0.96499,0.9318,0.89844,0.78263,0.75393,0.72588,0.77012,0.74193,0.7146,1.4241,1.3807,1.336,1.1006,1.064,1.0276,1.0463,1.0109,0.97627
0.17944,0.17003,0.16134,0.19789,0.18796,0.17878,0.23301,0.22189,0.21158,0.27319,0.26012,0.24783,0.28741,0.27408,0.26159,0.32733,0.3128,0.29917,0.41663,0.39864,0.38143,0.41587,0.39817,0.38135,0.45705,0.43827,0.42043,0.31197,0.29738,0.28357,0.31148,0.29721,0.28379,0.34556,0.33035,0.31603,0.46587,0.44625,0.42736,0.44477,0.42607,0.40825,0.4781,0.45861,0.44006,0.70308,0.67679,0.65098,0.63598,0.61162,0.58807,0.65954,0.63472,0.61083,0.59495,0.57135,0.54823,0.51198,0.49106,0.47095,0.52408,0.50307,0.48298,0.85435,0.82412,0.79397,0.71156,0.68501,0.65916,0.70961,0.6833,0.65788,1.2584,1.219,1.1789,0.99859,0.96473,0.93129,0.96268,0.92973,0.89753
0.16643,0.15765,0.14955,0.18509,0.17575,0.16714,0.21891,0.20841,0.19869,0.25219,0.24,0.22857,0.26791,0.2554,0.2437,0.30672,0.29303,0.2802,0.38236,0.36562,0.34967,0.38616,0.36956,0.35383,0.42706,0.40937,0.3926,0.28516,0.27166,0.25892,0.28875,0.27541,0.26288,0.32266,0.30835,0.29491,0.42409,0.40593,0.38852,0.41112,0.39364,0.37703,0.44543,0.42711,0.40972,0.63647,0.61217,0.58842,0.58573,0.56299,0.54107,0.61292,0.58961,0.56723,0.53092,0.50936,0.48837,0.46827,0.44886,0.43028,0.48511,0.46545,0.44671,0.76195,0.73426,0.70685,0.65009,0.62544,0.60153,0.65619,0.63158,0.60786,1.1193,1.0833,1.0469,0.91025,0.87884,0.84796,0.88882,0.85802,0.82801
0.15489,0.14666,0.1391,0.17356,0.16477,0.15666,0.20611,0.19618,0.187,0.23366,0.22226,0.21162,0.25044,0.23867,0.22768,0.28809,0.27515,0.26305,0.35237,0.33675,0.32191,0.35966,0.34406,0.32932,0.40003,0.38334,0.36755,0.26192,0.24938,0.23758,0.26859,0.25608,0.24437,0.30208,0.2886,0.27596,0.388,0.37114,0.35503,0.38135,0.36498,0.34946,0.41616,0.3989,0.38255,0.57925,0.5567,0.53477,0.54145,0.52017,0.49972,0.57123,0.5493,0.52829,0.47728,0.45749,0.43833,0.43032,0.41225,0.39501,0.4506,0.43217,0.41463,0.68423,0.65876,0.6337,0.59664,0.57368,0.55149,0.60885,0.58576,0.56358,1.002,0.96889,0.93571,0.83342,0.80419,0.77556,0.82335,0.79448,0.76644
0.14454,0.13683,0.12975,0.1631,0.1548,0.14716,0.19441,0.18501,0.17632,0.21715,0.20648,0.19653,0.23465,0.22355,0.21321,0.27111,0.25886,0.24743,0.32582,0.31122,0.29738,0.33582,0.32114,0.30729,0.37549,0.35971,0.34481,0.24152,0.22983,0.21888,0.25053,0.23878,0.2278,0.28345,0.27072,0.25881,0.35644,0.34074,0.32579,0.35477,0.3394,0.32486,0.38969,0.37341,0.35802,0.52945,0.50848,0.48817,0.50203,0.48207,0.46294,0.53364,0.51297,0.49321,0.43162,0.41337,0.3958,0.39695,0.38009,0.36405,0.41974,0.40241,0.38597,0.61788,0.59437,0.57136,0.54961,0.52817,0.50752,0.56648,0.54479,0.52398,0.9017,0.87119,0.84077,0.76585,0.73856,0.71194,0.76476,0.73765,0.71138
0.13514,0.12789,0.12125,0.1535,0.14565,0.13844,0.1836,0.17468,0.16646,0.20222,0.19221,0.18289,0.2202,0.20972,0.19998,0.25546,0.24386,0.23305,0.30195,0.28827,0.27535,0.31408,0.30025,0.28722,0.35292,0.33799,0.32392,0.22329,0.21239,0.2022,0.23412,0.22307,0.21276,0.26637,0.25433,0.2431,0.32834,0.3137,0.2998,0.33066,0.31621,0.30258,0.36546,0.35009,0.33557,0.48532,0.46577,0.44692,0.4664,0.44765,0.42973,0.49928,0.47977,0.46116,0.3919,0.37504,0.35888,0.36712,0.35136,0.3364,0.39173,0.37542,0.35998,0.56006,0.5383,0.51711,0.50751,0.48746,0.46821,0.52801,0.50759,0.48806,0.81428,0.78605,0.75807,0.70538,0.67987,0.65508,0.71155,0.68604,0.6614
0.12669,0.11986,0.11362,0.14476,0.13733,0.13052,0.1737,0.16524,0.15744,0.18887,0.17945,0.17072,0.2071,0.19719,0.188,0.24117,0.23017,0.21993,0.28074,0.26791,0.25581,0.29448,0.28141,0.26914,0.3324,0.31825,0.30494,0.20721,0.19701,0.1875,0.21938,0.20896,0.19925,0.25086,0.23947,0.22884,0.30364,0.28995,0.27699,0.30907,0.29546,0.28264,0.34352,0.32897,0.31526,0.44675,0.42849,0.41094,0.4346,0.41696,0.40013,0.46825,0.44981,0.43225,0.35782,0.34219,0.32727,0.34077,0.326,0.31202,0.36661,0.35123,0.3367,0.51042,0.49022,0.47063,0.47035,0.45155,0.43355,0.49351,0.47426,0.45588,0.73938,0.71317,0.68733,0.65209,0.62819,0.60502,0.66388,0.63985,0.61667
0.11905,0.11261,0.10673,0.13678,0.12974,0.12329,0.16461,0.15656,0.14915,0.17687,0.168,0.15978,0.19519,0.18581,0.17711,0.22809,0.21764,0.20792,0.2618,0.24973,0.23839,0.27673,0.26437,0.25278,0.31366,0.30024,0.28763,0.19293,0.18337,0.17446,0.20607,0.19622,0.18707,0.23672,0.22592,0.21586,0.28179,0.26895,0.25685,0.28963,0.27678,0.2647,0.32357,0.30978,0.29681,0.41281,0.39572,0.37934,0.40608,0.38944,0.37362,0.44012,0.42265,0.40606,0.32833,0.31379,0.29996,0.31736,0.30348,0.29037,0.34396,0.32943,0.31572,0.46746,0.44865,0.43048,0.43734,0.41967,0.4028,0.46243,0.44424,0.42691,0.67471,0.6503,0.62636,0.60485,0.5824,0.5607,0.62099,0.5983,0.57647
0.11205,0.10596,0.10042,0.1294,0.12272,0.1166,0.15616,0.1485,0.14146,0.16591,0.15755,0.14981,0.18421,0.17531,0.16708,0.21596,0.20603,0.1968,0.24461,0.23324,0.22258,0.26043,0.24873,0.23777,0.29635,0.2836,0.27163,0.18003,0.17104,0.1627,0.19387,0.18456,0.17593,0.22368,0.21343,0.20389,0.26211,0.25007,0.23873,0.27186,0.25972,0.24833,0.30519,0.29211,0.27982,0.38241,0.36638,0.35107,0.38011,0.3644,0.34949,0.41426,0.3977,0.382,0.30226,0.28872,0.27587,0.29619,0.28314,0.27083,0.32325,0.3095,0.29656,0.42951,0.41196,0.39508,0.40753,0.3909,0.37506,0.43402,0.41681,0.40045,0.61773,0.59496,0.57272,0.56226,0.54114,0.52079,0.58183,0.56038,0.53978
0.10552,0.099769,0.094536,0.12247,0.11613,0.11033,0.1482,0.14091,0.13422,0.15573,0.14784,0.14056,0.17392,0.16549,0.1577,0.20456,0.19511,0.18635,0.22871,0.218,0.20798,0.24521,0.23413,0.22377,0.2801,0.26799,0.25664,0.16814,0.15969,0.15187,0.18251,0.1737,0.16554,0.21145,0.20172,0.19268,0.24404,0.23273,0.22211,0.25534,0.24387,0.23312,0.28799,0.27558,0.26394,0.3546,0.33957,0.32525,0.35602,0.34119,0.32714,0.3901,0.37441,0.35955,0.2787,0.26607,0.25412,0.2767,0.2644,0.25285,0.30398,0.29097,0.27874,0.39521,0.37883,0.36313,0.38007,0.36442,0.34954,0.4076,0.39132,0.37587,0.56637,0.54512,0.52445,0.5231,0.50323,0.48413,0.54545,0.52517,0.50573
0.099574,0.094134,0.089187,0.11611,0.11008,0.10457,0.14085,0.1339,0.12753,0.14652,0.13906,0.13218,0.16452,0.15651,0.14912,0.19406,0.18507,0.17673,0.21439,0.20429,0.19485,0.23134,0.22083,0.21102,0.2652,0.25367,0.24289,0.15747,0.14951,0.14216,0.17217,0.16383,0.15611,0.20024,0.19099,0.1824,0.22789,0.21724,0.20727,0.24036,0.2295,0.21934,0.27226,0.26047,0.24942,0.32988,0.31575,0.30232,0.33426,0.32023,0.30696,0.36807,0.35317,0.33908,0.25801,0.24619,0.23505,0.2592,0.2476,0.23672,0.28648,0.27415,0.26258,0.36512,0.3498,0.33515,0.35546,0.3407,0.32669,0.38363,0.3682,0.35358,0.52145,0.50158,0.48232,0.48808,0.46935,0.45139,0.5125,0.49329,0.47491
0.094147,0.088988,0.084305,0.11025,0.10451,0.099275,0.13405,0.12742,0.12135,0.13813,0.13107,0.12457,0.15588,0.14826,0.14124,0.18437,0.1758,0.16786,0.20144,0.19189,0.18298,0.21866,0.20868,0.19937,0.25148,0.2405,0.23024,0.14785,0.14035,0.13342,0.16273,0.15481,0.1475,0.18994,0.18113,0.17296,0.21338,0.20334,0.19396,0.22672,0.21642,0.2068,0.25783,0.24661,0.23611,0.30779,0.29448,0.28186,0.31451,0.30122,0.28867,0.34791,0.33374,0.32036,0.23971,0.22863,0.21822,0.24342,0.23246,0.22219,0.27052,0.25882,0.24785,0.33855,0.32418,0.31048,0.33329,0.31934,0.30613,0.3618,0.34716,0.3333,0.48192,0.46329,0.44529,0.45662,0.43892,0.42199,0.48254,0.46431,0.44691
0.089143,0.084246,0.079806,0.10481,0.099336,0.094355,0.12771,0.12138,0.11558,0.13044,0.12374,0.11759,0.14788,0.14063,0.13396,0.17536,0.16718,0.15961,0.1896,0.18056,0.17214,0.20696,0.19747,0.18863,0.23875,0.22829,0.21852,0.13909,0.132,0.12546,0.15404,0.14651,0.13957,0.18038,0.17199,0.16421,0.2002,0.19073,0.18188,0.21418,0.2044,0.19528,0.24447,0.23379,0.2238,0.28781,0.27525,0.26338,0.29642,0.28381,0.27193,0.32929,0.31581,0.3031,0.22332,0.21292,0.20315,0.22903,0.21866,0.20896,0.25584,0.24472,0.23431,0.31478,0.30128,0.28844,0.31311,0.2999,0.28743,0.34173,0.32782,0.31467,0.44668,0.42918,0.41232,0.42803,0.4113,0.39532,0.45504,0.43773,0.42123
0.084348,0.079703,0.075497,0.099576,0.094367,0.08963,0.12161,0.11557,0.11004,0.12308,0.11674,0.11092,0.14021,0.13332,0.12697,0.1667,0.1589,0.15169,0.17832,0.16977,0.16183,0.19575,0.18674,0.17835,0.22654,0.21657,0.20727,0.13076,0.12406,0.11789,0.14572,0.13857,0.13199,0.17122,0.16322,0.15583,0.1877,0.17876,0.17043,0.20221,0.19293,0.18429,0.23168,0.22151,0.21201,0.26892,0.25709,0.24592,0.27917,0.26722,0.25598,0.31148,0.29866,0.28659,0.20793,0.19816,0.18902,0.21537,0.20556,0.1964,0.24182,0.23126,0.22138,0.29248,0.27981,0.26779,0.29395,0.28147,0.26969,0.32258,0.30937,0.29691,0.4137,0.39729,0.38152,0.40095,0.38515,0.37008,0.42883,0.4124,0.39677
0.079952,0.07554,0.071549,0.094745,0.089779,0.085266,0.11594,0.11017,0.1049,0.11636,0.11035,0.10483,0.13314,0.12658,0.12055,0.15869,0.15124,0.14437,0.16807,0.15997,0.15246,0.18547,0.1769,0.16893,0.21526,0.20576,0.1969,0.1232,0.11687,0.11104,0.13809,0.1313,0.12505,0.16276,0.15514,0.14809,0.17641,0.16796,0.1601,0.19126,0.18245,0.17425,0.2199,0.21021,0.20117,0.25193,0.24076,0.23025,0.26345,0.25212,0.24146,0.29513,0.28292,0.27144,0.1942,0.18501,0.17643,0.20297,0.19368,0.18502,0.22899,0.21894,0.20956,0.27263,0.2607,0.24943,0.2766,0.26478,0.25365,0.30507,0.29251,0.28067,0.38445,0.36902,0.35424,0.37649,0.36153,0.34729,0.4049,0.38929,0.37446
0.075909,0.071711,0.067919,0.090269,0.085529,0.081226,0.11068,0.10516,0.10012,0.11021,0.10449,0.099261,0.12662,0.12036,0.11461,0.15125,0.14413,0.13757,0.15872,0.15104,0.14392,0.17601,0.16784,0.16026,0.20483,0.19575,0.1873,0.11633,0.11032,0.10481,0.13108,0.12461,0.11867,0.15494,0.14766,0.14094,0.16617,0.15817,0.15074,0.18122,0.17283,0.16504,0.20902,0.19978,0.19116,0.23659,0.22603,0.2161,0.24908,0.23831,0.22819,0.28006,0.26843,0.25749,0.18189,0.17323,0.16516,0.19169,0.18287,0.17466,0.2172,0.20763,0.1987,0.25486,0.24362,0.23302,0.26082,0.24961,0.23907,0.289,0.27704,0.26579,0.35836,0.34382,0.32993,0.3543,0.34011,0.32664,0.38299,0.36814,0.35404
0.072178,0.06818,0.064571,0.086113,0.081584,0.077475,0.10577,0.10049,0.095664,0.10455,0.099113,0.094142,0.12058,0.1146,0.10912,0.14434,0.13753,0.13125,0.15017,0.14287,0.13611,0.16727,0.15948,0.15226,0.19516,0.18648,0.17841,0.11005,0.10435,0.099124,0.12461,0.11844,0.11279,0.14768,0.14073,0.13431,0.15684,0.14925,0.14222,0.17198,0.16399,0.15658,0.19895,0.19012,0.18191,0.22267,0.21267,0.20328,0.2359,0.22564,0.21603,0.26615,0.25505,0.24462,0.17081,0.16263,0.15501,0.18137,0.17299,0.1652,0.20633,0.19721,0.1887,0.23888,0.22827,0.21827,0.24643,0.23577,0.22577,0.27421,0.26281,0.2521,0.33496,0.32124,0.30816,0.33409,0.32062,0.30786,0.36286,0.34871,0.33529
0.068617,0.06481,0.061377,0.082134,0.077807,0.073885,0.10107,0.096007,0.091395,0.09916,0.093989,0.089267,0.1148,0.10909,0.10387,0.13771,0.1312,0.1252,0.14204,0.13511,0.1287,0.15894,0.15151,0.14463,0.1859,0.17761,0.1699,0.10409,0.098678,0.093728,0.11844,0.11256,0.10718,0.14075,0.1341,0.12797,0.148,0.14081,0.13415,0.16318,0.15557,0.14852,0.18934,0.18091,0.17307,0.20953,0.20006,0.19119,0.22337,0.21361,0.20447,0.25288,0.24228,0.23235,0.16038,0.15266,0.14548,0.17158,0.16362,0.15623,0.19598,0.18728,0.17918,0.22387,0.21385,0.20443,0.23278,0.22266,0.21318,0.26013,0.24927,0.23907,0.31304,0.3001,0.28779,0.31497,0.30219,0.29009,0.34371,0.33023,0.31747
0.065283,0.061655,0.058387,0.078391,0.074254,0.070508,0.096627,0.091782,0.087368,0.094129,0.089207,0.084719,0.10938,0.10393,0.098942,0.13148,0.12524,0.11951,0.13448,0.12789,0.12181,0.15113,0.14405,0.13749,0.17721,0.16928,0.16192,0.09855,0.093413,0.088719,0.11266,0.10706,0.10193,0.13423,0.12787,0.12202,0.13981,0.13299,0.12668,0.15496,0.14771,0.141,0.18032,0.17226,0.16478,0.19739,0.18842,0.18003,0.21169,0.2024,0.19371,0.24045,0.23034,0.22086,0.1508,0.1435,0.13673,0.16249,0.15492,0.14791,0.1863,0.178,0.17029,0.2101,0.20064,0.19175,0.22012,0.2105,0.2015,0.24699,0.23663,0.22691,0.293,0.28078,0.26918,0.29726,0.28512,0.27365,0.32585,0.31301,0.30086
0.062198,0.058737,0.055622,0.074907,0.070948,0.067367,0.092481,0.087837,0.083609,0.08949,0.084801,0.080528,0.10434,0.099135,0.094372,0.12567,0.1197,0.11421,0.12753,0.12126,0.11549,0.14391,0.13714,0.13089,0.16912,0.16153,0.15449,0.093472,0.088587,0.084128,0.10732,0.10197,0.097077,0.12817,0.12208,0.11649,0.13233,0.12585,0.11986,0.14737,0.14045,0.13406,0.17195,0.16424,0.15709,0.18634,0.17783,0.16987,0.20094,0.19209,0.18382,0.22895,0.21928,0.21023,0.14213,0.13522,0.12881,0.15415,0.14694,0.14027,0.17736,0.16943,0.16207,0.19766,0.1887,0.1803,0.20852,0.19937,0.19081,0.23485,0.22496,0.2157,0.27494,0.26338,0.25243,0.28108,0.26953,0.25864,0.3094,0.29714,0.28557
0.059337,0.056031,0.053058,0.071657,0.067865,0.064437,0.088601,0.084145,0.080092,0.085202,0.080727,0.076654,0.099661,0.094676,0.090122,0.12024,0.11452,0.10926,0.12114,0.11517,0.10966,0.13721,0.13074,0.12477,0.16159,0.15432,0.14758,0.088801,0.084148,0.079906,0.10237,0.097255,0.092578,0.12252,0.11669,0.11134,0.12547,0.1193,0.11361,0.14035,0.13374,0.12764,0.16416,0.15679,0.14995,0.17624,0.16815,0.1606,0.19103,0.18257,0.17469,0.21827,0.20902,0.20037,0.13424,0.12768,0.12162,0.14647,0.1396,0.13324,0.16907,0.16149,0.15446,0.18636,0.17786,0.16992,0.19786,0.18914,0.181,0.22362,0.21417,0.20532,0.2586,0.24764,0.23729,0.26624,0.25525,0.24489,0.29421,0.2825,0.27145
0.056677,0.053515,0.050675,0.068619,0.064983,0.061699,0.084964,0.080685,0.076795,0.081227,0.076953,0.073066,0.095295,0.090519,0.08616,0.11516,0.10967,0.10463,0.11523,0.10953,0.10429,0.13098,0.12479,0.11908,0.15456,0.14758,0.14113,0.08449,0.080053,0.076012,0.097761,0.092869,0.088398,0.11725,0.11166,0.10653,0.11915,0.11327,0.10786,0.13384,0.12752,0.12169,0.15691,0.14984,0.14329,0.16698,0.15928,0.1521,0.18185,0.17377,0.16625,0.20834,0.19948,0.1912,0.12703,0.1208,0.11505,0.13938,0.13282,0.12676,0.16137,0.15411,0.14739,0.17606,0.16799,0.16046,0.18804,0.17972,0.17195,0.21321,0.20416,0.1957,0.24375,0.23335,0.22354,0.2526,0.24212,0.23225,0.28014,0.26894,0.25838
0.054078,0.051057,0.048347,0.06565,0.062168,0.059025,0.081411,0.077305,0.073576,0.077347,0.073268,0.069564,0.09103,0.08646,0.082291,0.1102,0.10494,0.10011,0.10947,0.10404,0.099053,0.1249,0.11898,0.11352,0.14769,0.14101,0.13483,0.080287,0.076062,0.072217,0.093266,0.088589,0.084319,0.1121,0.10674,0.10183,0.11299,0.1074,0.10226,0.12749,0.12145,0.11589,0.14983,0.14306,0.13679,0.15797,0.15065,0.14384,0.17291,0.1652,0.15803,0.19865,0.19018,0.18226,0.12003,0.11413,0.10868,0.13248,0.12622,0.12045,0.15386,0.14693,0.1405,0.16607,0.15842,0.15129,0.17847,0.17054,0.16315,0.20305,0.19441,0.18633,0.22936,0.21951,0.21023,0.23933,0.22934,0.21996,0.26642,0.25572,0.24566
0.051663,0.048775,0.046185,0.062878,0.05954,0.056528,0.078082,0.07414,0.070561,0.073753,0.069857,0.066322,0.087057,0.082679,0.078689,0.10557,0.10051,0.095882,0.10416,0.098979,0.094223,0.11925,0.11358,0.10837,0.14129,0.13488,0.12896,0.076413,0.072383,0.068721,0.08909,0.084615,0.080532,0.1073,0.10216,0.097456,0.10734,0.10201,0.097116,0.1216,0.11583,0.11051,0.14323,0.13675,0.13075,0.14972,0.14275,0.13628,0.16464,0.15728,0.15043,0.18965,0.18153,0.17396,0.11365,0.10804,0.10286,0.12611,0.12014,0.11463,0.1469,0.14026,0.13411,0.15697,0.14971,0.14294,0.16966,0.1621,0.15506,0.19364,0.18537,0.17765,0.2163,0.20695,0.19816,0.22713,0.21761,0.20867,0.25374,0.24351,0.23389
0.049415,0.046649,0.044172,0.060284,0.05708,0.054192,0.074958,0.071169,0.067731,0.070417,0.066691,0.063313,0.083348,0.07915,0.075326,0.10123,0.096371,0.091925,0.099243,0.094294,0.089756,0.11399,0.10856,0.10357,0.1353,0.12915,0.12348,0.072831,0.068983,0.065489,0.085202,0.080915,0.077006,0.10281,0.097878,0.093364,0.10212,0.09704,0.092375,0.11613,0.11061,0.10552,0.13708,0.13086,0.12511,0.14214,0.1355,0.12934,0.15698,0.14994,0.14339,0.18127,0.17348,0.16623,0.1078,0.10246,0.097546,0.12022,0.11451,0.10925,0.14041,0.13405,0.12816,0.14866,0.14175,0.13532,0.16153,0.1543,0.14758,0.1849,0.17697,0.16958,0.20439,0.19551,0.18717,0.2159,0.20681,0.19828,0.24197,0.23218,0.22298
0.047316,0.044666,0.042294,0.057851,0.054774,0.052001,0.072021,0.068376,0.065072,0.067312,0.063745,0.060514,0.079878,0.075849,0.072182,0.097151,0.092484,0.088213,0.094683,0.08995,0.085615,0.10908,0.10388,0.099091,0.1297,0.12379,0.11834,0.069509,0.06583,0.062493,0.081573,0.077462,0.073717,0.098599,0.093865,0.089532,0.097299,0.092444,0.087992,0.11104,0.10574,0.10087,0.13133,0.12535,0.11983,0.13515,0.12881,0.12294,0.14986,0.14312,0.13686,0.17344,0.16597,0.15902,0.10243,0.097339,0.09266,0.11475,0.10929,0.10427,0.13437,0.12826,0.12262,0.14103,0.13445,0.12833,0.154,0.14708,0.14066,0.17675,0.16915,0.16208,0.19351,0.18506,0.17713,0.20552,0.19683,0.18869,0.23103,0.22165,0.21284
0.045353,0.042811,0.040537,0.055566,0.052608,0.049944,0.069255,0.065746,0.062567,0.064416,0.060998,0.057903,0.076625,0.072755,0.069234,0.09332,0.08883,0.084725,0.090442,0.085912,0.081765,0.10449,0.099494,0.094905,0.12444,0.11876,0.11352,0.066421,0.0629,0.059709,0.078179,0.074233,0.070641,0.094651,0.0901,0.085936,0.092826,0.088183,0.08393,0.10628,0.1012,0.096537,0.12593,0.12019,0.11489,0.12869,0.12263,0.11703,0.14323,0.13677,0.13078,0.16612,0.15895,0.15228,0.097476,0.092618,0.088158,0.10967,0.10444,0.099628,0.12872,0.12286,0.11744,0.13401,0.12773,0.12191,0.147,0.14038,0.13424,0.16915,0.16186,0.15507,0.18352,0.17546,0.16792,0.1959,0.18758,0.1798,0.22084,0.21184,0.2034
